TIC_Id,Gaia,TESS_Magnitude,RA,DEC
461586092,575894817349386496,16.462,0.754781,88.359436
