TIC_Id,Gaia,TESS_Magnitude,RA,DEC
609889725,576273221147054848,20.1891,0.311391849525242,88.5576009095318
