TIC_Id,Gaia,TESS_Magnitude,RA,DEC
609888987,575888976193844864,19.7987,0.593348348016029,88.3409876275067
