TIC_Id,Gaia,TESS_Magnitude,RA,DEC
609890884,576449177368293120,20.3119,0.00969853746623521,89.6733855719604
