TIC_Id,Gaia,TESS_Magnitude,RA,DEC
609888322,575860251452570880,19.8605,0.322545059786627,88.0436772834147
